segment,corr,TE,SR,vol
IS,0.756554,0.083463,0.592586,0.117366
OOS,0.805577,0.070973,0.658545,0.115797
