Period,Annual Return,Annual Volatility,Sharpe Ratio,Correlation,R-squared,Tracking Error,Max Drawdown,Skewness,Excess Kurtosis,95% VaR,Hit Rate
OOS,0.11986397195141762,0.06290426792548875,1.9054982420508122,0.7011119828761645,0.49155801253254716,0.05305799156307834,0.04519817233085632,-1.6767653226852417,13.957512855529785,-0.00532026644796133,0.6222222222222222
