segment,corr,TE,SR,vol
IS,0.728416,0.064711,0.561423,0.093304
OOS,0.793805,0.059292,0.512033,0.091877
