Period,Annual Return,Annual Volatility,Sharpe Ratio,Correlation,R-squared,Tracking Error,Max Drawdown,Skewness,Excess Kurtosis,95% VaR,Hit Rate
OOS,0.12071342021226883,0.10314170233591893,1.1703648231241206,0.7069001377974731,0.4997078048180864,0.0744313921143981,0.10655312240123749,-0.8454467058181763,6.884600639343262,-0.00977200767956674,0.5952380952380952
