lookback,mean_daily,std_daily,annual
20,0.14622187614440918,0.17637993395328522,36.8479118347168
25,0.20016330480575562,0.2935316264629364,50.44115447998047
30,0.08822113275527954,0.12964293360710144,22.231725692749023
35,0.0121870506554842,0.02214517630636692,3.071136713027954
40,0.08441769331693649,0.123833067715168,21.273258209228516
