{
  "LOOKBACKS": [
    5,
    10,
    15,
    16,
    20,
    30,
    32,
    40,
    60,
    80,
    90,
    120,
    150,
    160,
    180,
    220,
    260
  ],
  "KEEP_BREAKOUT": [
    80,
    160
  ],
  "KEEP_SKEWABS": [
    180
  ],
  "KEEP_ACCEL": [
    16,
    32
  ],
  "EWMA_SPAN_VOL": 40,
  "Z_CAP": 3.0,
  "PRE_SCALE_TARGET": 0.2,
  "PRE_SCALE_CAP": 3.0,
  "PRE_SCALE_FLOOR": 0.3,
  "FINAL_VOL_TARGET": 0.085,
  "FINAL_SCALE_CAP": 2.0,
  "FINAL_SCALE_FLOOR": 0.25,
  "FINAL_SCALE_WINSOR": 0.001,
  "LAMBDA_GRID": [
    0.01,
    0.011659144011798317,
    0.013593563908785255,
    0.015848931924611134,
    0.018478497974222907,
    0.021544346900318832,
    0.025118864315095794,
    0.029286445646252372,
    0.034145488738336005,
    0.039810717055349734,
    0.046415888336127774,
    0.054116952654646375,
    0.06309573444801933,
    0.07356422544596414,
    0.08576958985908942,
    0.1,
    0.11659144011798317,
    0.13593563908785256,
    0.15848931924611134,
    0.18478497974222907,
    0.21544346900318834,
    0.25118864315095796,
    0.29286445646252357,
    0.34145488738336005,
    0.3981071705534973,
    0.464158883361278,
    0.5411695265464638,
    0.6309573444801934,
    0.7356422544596414,
    0.8576958985908941,
    1.0
  ],
  "LAMBDA_FIX_DATE": null,
  "CV_FOLDS": 5,
  "PURGE_GAP_DAYS": 21,
  "MAX_SINGLE_WEIGHT": 0.05,
  "WEIGHT_EMA_SPAN": 5,
  "FORCE_REBUILD_XLARGE": false,
  "REPL_TRADE_COST_BPS": 1.0,
  "OVERLAY_TRADE_COST_BPS": 1.0,
  "SOFT_START_DAYS": 5,
  "OOS_START": "2021-11-01",
  "BURN_IN_DAYS": 189,
  "USE_CARRY": true,
  "KEEP_CARRY": [
    5,
    20,
    60,
    120
  ],
  "CARRY_CLIP_ABS_ANNUAL": 2.0,
  "FUT_PRICE_DIR": "C:\\Users\\Nikos\\OneDrive - Birkbeck, University of London\\1. Dissertation\\Dissertation Python\\zzz.Test\\data\\futures\\multiple_prices_csv",
  "FUT_ROLL_DIR": "C:\\Users\\Nikos\\OneDrive - Birkbeck, University of London\\1. Dissertation\\Dissertation Python\\zzz.Test\\data\\futures\\roll_calendars_csv",
  "FUT_CFG_DIR": "C:\\Users\\Nikos\\OneDrive - Birkbeck, University of London\\1. Dissertation\\Dissertation Python\\zzz.Test\\data\\futures\\csvconfig",
  "CARRY_SIGNALS_DIR": "C:\\Users\\Nikos\\OneDrive - Birkbeck, University of London\\1. Dissertation\\Dissertation Python\\zzz.Test\\data\\futures\\carry_signals_csv",
  "XLARGE_PATH": "C:\\Users\\Nikos\\OneDrive - Birkbeck, University of London\\1. Dissertation\\Dissertation Python\\zzz.Test\\figures\\btop50_visualizations\\process_based_results\\panel\\X_large_universe\\X_large_universe.parquet",
  "OUT_DIR": "C:\\Users\\Nikos\\OneDrive - Birkbeck, University of London\\1. Dissertation\\Dissertation Python\\zzz.Test\\figures\\btop50_visualizations\\process_based_results\\BTOP50",
  "DATA_DIR": "C:\\Users\\Nikos\\OneDrive - Birkbeck, University of London\\1. Dissertation\\Dissertation Python\\zzz.Test\\data",
  "FIGURES_DIR": "C:\\Users\\Nikos\\OneDrive - Birkbeck, University of London\\1. Dissertation\\Dissertation Python\\zzz.Test\\figures",
  "BTOP_XLSX": "C:\\Users\\Nikos\\OneDrive - Birkbeck, University of London\\1. Dissertation\\Dissertation Python\\zzz.Test\\data\\BTOP50_Index_historical_data(6).xlsx",
  "TBILL_XLSX": "C:\\Users\\Nikos\\OneDrive - Birkbeck, University of London\\1. Dissertation\\Dissertation Python\\zzz.Test\\data\\US3MT=RR.xlsx"
}