segment,corr,TE,SR,vol
IS,0.624385,0.072524,0.537572,0.092018
OOS,0.729798,0.063140,0.432033,0.092050
