Period,Annual Return,Annual Volatility,Sharpe Ratio,Correlation,R-squared,Tracking Error,Max Drawdown,Skewness,Excess Kurtosis,95% VaR,Hit Rate
OOS,0.24827933125197887,0.11754847309054248,2.1121442475788514,0.7389497440265888,0.546046724196961,0.08292846178833681,0.10186648368835449,-1.1651054620742798,7.095419883728027,-0.010431143222376704,0.6174603174603175
